Data Source,World Development Indicators,,,,,,,,,,,,,,,,,,,,,,,,,,,,,,,,,,,,,,,,,,,,,,,,,,,,,,,,,,,,,
,,,,,,,,,,,,,,,,,,,,,,,,,,,,,,,,,,,,,,,,,,,,,,,,,,,,,,,,,,,,,,
Last Updated Date,02/10/2019,,,,,,,,,,,,,,,,,,,,,,,,,,,,,,,,,,,,,,,,,,,,,,,,,,,,,,,,,,,,,
,,,,,,,,,,,,,,,,,,,,,,,,,,,,,,,,,,,,,,,,,,,,,,,,,,,,,,,,,,,,,,
Country Name,Country Code,Indicator Name,Indicator Code,1960,1961,1962,1963,1964,1965,1966,1967,1968,1969,1970,1971,1972,1973,1974,1975,1976,1977,1978,1979,1980,1981,1982,1983,1984,1985,1986,1987,1988,1989,1990,1991,1992,1993,1994,1995,1996,1997,1998,1999,2000,2001,2002,2003,2004,2005,2006,2007,2008,2009,2010,2011,2012,2013,2014,2015,2016,2017,2018
Aruba,ABW,Start-up procedures to register a business (number),IC.REG.PROC,,,,,,,,,,,,,,,,,,,,,,,,,,,,,,,,,,,,,,,,,,,,,,,,,,,,,,,,,,,
Afghanistan,AFG,Start-up procedures to register a business (number),IC.REG.PROC,,,,,,,,,,,,,,,,,,,,,,,,,,,,,,,,,,,,,,,,,,,,,4,4,4,5,5,5,5,5,5,4,4,4,4,4,4
Angola,AGO,Start-up procedures to register a business (number),IC.REG.PROC,,,,,,,,,,,,,,,,,,,,,,,,,,,,,,,,,,,,,,,,,,,,12,12,12,12,12,8,8,8,8,8,8,8,8,7,7,7
Albania,ALB,Start-up procedures to register a business (number),IC.REG.PROC,,,,,,,,,,,,,,,,,,,,,,,,,,,,,,,,,,,,,,,,,,,,12,12,12,12,11,8,6,6,6,5,5,5,5,5,5,5
Andorra,AND,Start-up procedures to register a business (number),IC.REG.PROC,,,,,,,,,,,,,,,,,,,,,,,,,,,,,,,,,,,,,,,,,,,,,,,,,,,,,,,,,,,
Arab World,ARB,Start-up procedures to register a business (number),IC.REG.PROC,,,,,,,,,,,,,,,,,,,,,,,,,,,,,,,,,,,,,,,,,,,,12.30769231,11.6875,11.33333333,11.33333333,10.45,9.55,9.3,9.4,9.25,9.142857143,8.904761905,8.714285714,8.590909091,8.363636364,7.863636364,7.181818182
United Arab Emirates,ARE,Start-up procedures to register a business (number),IC.REG.PROC,,,,,,,,,,,,,,,,,,,,,,,,,,,,,,,,,,,,,,,,,,,,10,10,10,10,9,9,8,8,7,6,6,6,6,4,4,2
Argentina,ARG,Start-up procedures to register a business (number),IC.REG.PROC,,,,,,,,,,,,,,,,,,,,,,,,,,,,,,,,,,,,,,,,,,,,13,13,13,13,13,14,14,14,14,14,14,14,14,14,14,11
Armenia,ARM,Start-up procedures to register a business (number),IC.REG.PROC,,,,,,,,,,,,,,,,,,,,,,,,,,,,,,,,,,,,,,,,,,,,10,10,10,9,9,9,6,6,4,4,4,4,4,4,4,3
American Samoa,ASM,Start-up procedures to register a business (number),IC.REG.PROC,,,,,,,,,,,,,,,,,,,,,,,,,,,,,,,,,,,,,,,,,,,,,,,,,,,,,,,,,,,
Antigua and Barbuda,ATG,Start-up procedures to register a business (number),IC.REG.PROC,,,,,,,,,,,,,,,,,,,,,,,,,,,,,,,,,,,,,,,,,,,,,,9,9,9,9,9,9,9,9,9,9,9,9,9,9
Australia,AUS,Start-up procedures to register a business (number),IC.REG.PROC,,,,,,,,,,,,,,,,,,,,,,,,,,,,,,,,,,,,,,,,,,,,3,3,3,3,3,3,3,3,3,3,3,3,3,3,3,3
Austria,AUT,Start-up procedures to register a business (number),IC.REG.PROC,,,,,,,,,,,,,,,,,,,,,,,,,,,,,,,,,,,,,,,,,,,,8,8,8,8,8,8,8,8,8,8,8,8,8,8,8,8
Azerbaijan,AZE,Start-up procedures to register a business (number),IC.REG.PROC,,,,,,,,,,,,,,,,,,,,,,,,,,,,,,,,,,,,,,,,,,,,14,13,13,13,12,6,6,6,6,6,3,4,3,3,3,3
Burundi,BDI,Start-up procedures to register a business (number),IC.REG.PROC,,,,,,,,,,,,,,,,,,,,,,,,,,,,,,,,,,,,,,,,,,,,8,8,8,8,8,8,8,8,8,4,3,3,3,3,3,3
Belgium,BEL,Start-up procedures to register a business (number),IC.REG.PROC,,,,,,,,,,,,,,,,,,,,,,,,,,,,,,,,,,,,,,,,,,,,8,5,5,5,4,4,4,4,4,4,4,4,4,4,4,4
Benin,BEN,Start-up procedures to register a business (number),IC.REG.PROC,,,,,,,,,,,,,,,,,,,,,,,,,,,,,,,,,,,,,,,,,,,,11,11,11,11,11,11,11,11,10,9,8,8,8,6,6,6
Burkina Faso,BFA,Start-up procedures to register a business (number),IC.REG.PROC,,,,,,,,,,,,,,,,,,,,,,,,,,,,,,,,,,,,,,,,,,,,12,12,12,8,6,5,4,4,3,3,3,3,3,3,3,3
Bangladesh,BGD,Start-up procedures to register a business (number),IC.REG.PROC,,,,,,,,,,,,,,,,,,,,,,,,,,,,,,,,,,,,,,,,,,,,,,,,,,,,,,9,9,9,9,9,9
Bulgaria,BGR,Start-up procedures to register a business (number),IC.REG.PROC,,,,,,,,,,,,,,,,,,,,,,,,,,,,,,,,,,,,,,,,,,,,13,13,13,11,12,7,7,7,7,7,7,7,7,7,7,7
Bahrain,BHR,Start-up procedures to register a business (number),IC.REG.PROC,,,,,,,,,,,,,,,,,,,,,,,,,,,,,,,,,,,,,,,,,,,,,,,,7,7,7,7,7,7,7,7,7,6,6,6
"Bahamas, The",BHS,Start-up procedures to register a business (number),IC.REG.PROC,,,,,,,,,,,,,,,,,,,,,,,,,,,,,,,,,,,,,,,,,,,,,,,,7,7,7,7,7,7,7,7,8,8,7,7
Bosnia and Herzegovina,BIH,Start-up procedures to register a business (number),IC.REG.PROC,,,,,,,,,,,,,,,,,,,,,,,,,,,,,,,,,,,,,,,,,,,,12,12,13,13,13,13,13,14,14,13,13,13,13,13,13,13
Belarus,BLR,Start-up procedures to register a business (number),IC.REG.PROC,,,,,,,,,,,,,,,,,,,,,,,,,,,,,,,,,,,,,,,,,,,,17,17,17,17,11,9,7,7,7,7,6,6,5,5,5,4
Belize,BLZ,Start-up procedures to register a business (number),IC.REG.PROC,,,,,,,,,,,,,,,,,,,,,,,,,,,,,,,,,,,,,,,,,,,,,,9,9,9,9,9,9,9,9,9,9,9,9,9,9
Bermuda,BMU,Start-up procedures to register a business (number),IC.REG.PROC,,,,,,,,,,,,,,,,,,,,,,,,,,,,,,,,,,,,,,,,,,,,,,,,,,,,,,,,,,,
Bolivia,BOL,Start-up procedures to register a business (number),IC.REG.PROC,,,,,,,,,,,,,,,,,,,,,,,,,,,,,,,,,,,,,,,,,,,,14,14,14,14,14,14,14,14,14,14,14,14,14,14,14,14
Brazil,BRA,Start-up procedures to register a business (number),IC.REG.PROC,,,,,,,,,,,,,,,,,,,,,,,,,,,,,,,,,,,,,,,,,,,,,,,,,,,,,,11,11,11,11,11,11
Barbados,BRB,Start-up procedures to register a business (number),IC.REG.PROC,,,,,,,,,,,,,,,,,,,,,,,,,,,,,,,,,,,,,,,,,,,,,,,,,,,,8,8,8,8,8,8,8,8
Brunei Darussalam,BRN,Start-up procedures to register a business (number),IC.REG.PROC,,,,,,,,,,,,,,,,,,,,,,,,,,,,,,,,,,,,,,,,,,,,,,,21,21,21,21,18,18,18,18,18,7,7,5,3
Bhutan,BTN,Start-up procedures to register a business (number),IC.REG.PROC,,,,,,,,,,,,,,,,,,,,,,,,,,,,,,,,,,,,,,,,,,,,10,10,10,10,8,8,8,8,8,8,8,8,8,8,8,8
Botswana,BWA,Start-up procedures to register a business (number),IC.REG.PROC,,,,,,,,,,,,,,,,,,,,,,,,,,,,,,,,,,,,,,,,,,,,10,10,11,11,11,10,10,10,9,9,9,9,9,9,9,9
Central African Republic,CAF,Start-up procedures to register a business (number),IC.REG.PROC,,,,,,,,,,,,,,,,,,,,,,,,,,,,,,,,,,,,,,,,,,,,11,11,11,11,11,11,9,9,8,10,10,10,10,10,10,10
Canada,CAN,Start-up procedures to register a business (number),IC.REG.PROC,,,,,,,,,,,,,,,,,,,,,,,,,,,,,,,,,,,,,,,,,,,,3,3,3,3,3,2,2,2,2,2,2,2,2,2,2,2
Central Europe and the Baltics,CEB,Start-up procedures to register a business (number),IC.REG.PROC,,,,,,,,,,,,,,,,,,,,,,,,,,,,,,,,,,,,,,,,,,,,9.090909091,8.909090909,8.909090909,8.454545455,8.363636364,7.090909091,6.363636364,6.181818182,6.090909091,6.272727273,6,5.818181818,5.545454545,5.545454545,5.545454545,5.636363636
Switzerland,CHE,Start-up procedures to register a business (number),IC.REG.PROC,,,,,,,,,,,,,,,,,,,,,,,,,,,,,,,,,,,,,,,,,,,,6,6,6,6,6,6,6,6,6,6,6,6,6,6,6,6
Channel Islands,CHI,Start-up procedures to register a business (number),IC.REG.PROC,,,,,,,,,,,,,,,,,,,,,,,,,,,,,,,,,,,,,,,,,,,,,,,,,,,,,,,,,,,
Chile,CHL,Start-up procedures to register a business (number),IC.REG.PROC,,,,,,,,,,,,,,,,,,,,,,,,,,,,,,,,,,,,,,,,,,,,9,9,9,9,9,9,9,9,8,8,8,8,8,8,8,7
China,CHN,Start-up procedures to register a business (number),IC.REG.PROC,,,,,,,,,,,,,,,,,,,,,,,,,,,,,,,,,,,,,,,,,,,,,,,,,,,,,,11,9,9,7,7,4
Cote d'Ivoire,CIV,Start-up procedures to register a business (number),IC.REG.PROC,,,,,,,,,,,,,,,,,,,,,,,,,,,,,,,,,,,,,,,,,,,,11,11,11,11,10,10,10,10,10,10,6,5,5,5,5,4
Cameroon,CMR,Start-up procedures to register a business (number),IC.REG.PROC,,,,,,,,,,,,,,,,,,,,,,,,,,,,,,,,,,,,,,,,,,,,11,11,11,11,11,12,11,8,7,7,7,7,7,7,7,6
"Congo, Dem. Rep.",COD,Start-up procedures to register a business (number),IC.REG.PROC,,,,,,,,,,,,,,,,,,,,,,,,,,,,,,,,,,,,,,,,,,,,15,15,15,15,15,15,15,11,11,11,12,8,7,7,4,4
"Congo, Rep.",COG,Start-up procedures to register a business (number),IC.REG.PROC,,,,,,,,,,,,,,,,,,,,,,,,,,,,,,,,,,,,,,,,,,,,12,12,12,12,12,12,12,12,12,12,12,12,12,12,11,11
Colombia,COL,Start-up procedures to register a business (number),IC.REG.PROC,,,,,,,,,,,,,,,,,,,,,,,,,,,,,,,,,,,,,,,,,,,,20,12,12,13,12,10,9,9,9,9,9,9,9,8,8,8
Comoros,COM,Start-up procedures to register a business (number),IC.REG.PROC,,,,,,,,,,,,,,,,,,,,,,,,,,,,,,,,,,,,,,,,,,,,,,10,10,10,10,10,10,10,9,9,9,9,9,9,9
Cabo Verde,CPV,Start-up procedures to register a business (number),IC.REG.PROC,,,,,,,,,,,,,,,,,,,,,,,,,,,,,,,,,,,,,,,,,,,,,,12,12,12,12,9,8,8,8,8,8,8,8,8,8
Costa Rica,CRI,Start-up procedures to register a business (number),IC.REG.PROC,,,,,,,,,,,,,,,,,,,,,,,,,,,,,,,,,,,,,,,,,,,,12,12,12,12,12,12,12,12,12,12,9,9,9,9,9,10
Caribbean small states,CSS,Start-up procedures to register a business (number),IC.REG.PROC,,,,,,,,,,,,,,,,,,,,,,,,,,,,,,,,,,,,,,,,,,,,7,7.5,7.818181818,7.818181818,7.75,7.75,7.583333333,7.5,7.538461538,7.461538462,7.307692308,7.076923077,7.153846154,6.769230769,6.692307692,6.692307692
Cuba,CUB,Start-up procedures to register a business (number),IC.REG.PROC,,,,,,,,,,,,,,,,,,,,,,,,,,,,,,,,,,,,,,,,,,,,,,,,,,,,,,,,,,,
Curacao,CUW,Start-up procedures to register a business (number),IC.REG.PROC,,,,,,,,,,,,,,,,,,,,,,,,,,,,,,,,,,,,,,,,,,,,,,,,,,,,,,,,,,,
Cayman Islands,CYM,Start-up procedures to register a business (number),IC.REG.PROC,,,,,,,,,,,,,,,,,,,,,,,,,,,,,,,,,,,,,,,,,,,,,,,,,,,,,,,,,,,
Cyprus,CYP,Start-up procedures to register a business (number),IC.REG.PROC,,,,,,,,,,,,,,,,,,,,,,,,,,,,,,,,,,,,,,,,,,,,,,,,,6,6,6,6,6,6,6,6,5,5,5
Czech Republic,CZE,Start-up procedures to register a business (number),IC.REG.PROC,,,,,,,,,,,,,,,,,,,,,,,,,,,,,,,,,,,,,,,,,,,,10,10,10,10,10,9,9,9,8,8,8,8,8,8,8,8
Germany,DEU,Start-up procedures to register a business (number),IC.REG.PROC,,,,,,,,,,,,,,,,,,,,,,,,,,,,,,,,,,,,,,,,,,,,9,9,9,9,9,9,9,9,9,9,9,9,9,9,9,9
Djibouti,DJI,Start-up procedures to register a business (number),IC.REG.PROC,,,,,,,,,,,,,,,,,,,,,,,,,,,,,,,,,,,,,,,,,,,,,,11,11,11,11,11,11,11,11,9,7,7,7,7,5
Dominica,DMA,Start-up procedures to register a business (number),IC.REG.PROC,,,,,,,,,,,,,,,,,,,,,,,,,,,,,,,,,,,,,,,,,,,,,,5,5,5,5,5,5,5,5,5,5,5,5,5,5
Denmark,DNK,Start-up procedures to register a business (number),IC.REG.PROC,,,,,,,,,,,,,,,,,,,,,,,,,,,,,,,,,,,,,,,,,,,,6,6,5,5,5,5,5,5,5,5,5,5,5,5,5,5
Dominican Republic,DOM,Start-up procedures to register a business (number),IC.REG.PROC,,,,,,,,,,,,,,,,,,,,,,,,,,,,,,,,,,,,,,,,,,,,9,9,9,9,9,8,8,8,7,7,7,7,7,7,7,7
Algeria,DZA,Start-up procedures to register a business (number),IC.REG.PROC,,,,,,,,,,,,,,,,,,,,,,,,,,,,,,,,,,,,,,,,,,,,14,13,13,13,13,13,13,13,13,13,13,13,12,12,12,12
East Asia & Pacific (excluding high income),EAP,Start-up procedures to register a business (number),IC.REG.PROC,,,,,,,,,,,,,,,,,,,,,,,,,,,,,,,,,,,,,,,,,,,,8.625,8.529411765,8.588235294,8.647058824,8.647058824,8.705882353,8.470588235,8.235294118,7.823529412,8.222222222,8.5,8.35,8.15,8,8,7.6
Early-demographic dividend,EAR,Start-up procedures to register a business (number),IC.REG.PROC,,,,,,,,,,,,,,,,,,,,,,,,,,,,,,,,,,,,,,,,,,,,10.81818182,10.57777778,10.56603774,10.50943396,10,9.648148148,9.388888889,9.259259259,9.12962963,9.285714286,9.245901639,9.262295082,9.081967213,8.885245902,8.704918033,8.295081967
East Asia & Pacific,EAS,Start-up procedures to register a business (number),IC.REG.PROC,,,,,,,,,,,,,,,,,,,,,,,,,,,,,,,,,,,,,,,,,,,,7.869565217,7.791666667,7.791666667,8.4,8.36,8.32,7.88,7.6,7.08,7.307692308,7.586206897,7.482758621,6.931034483,6.793103448,6.724137931,6.344827586
Europe & Central Asia (excluding high income),ECA,Start-up procedures to register a business (number),IC.REG.PROC,,,,,,,,,,,,,,,,,,,,,,,,,,,,,,,,,,,,,,,,,,,,12.125,11.625,11.58823529,11.16666667,10.44444444,9.166666667,8.105263158,7.631578947,7.157894737,6.736842105,6.1,6,5.55,5.4,5.25,4.9
Europe & Central Asia,ECS,Start-up procedures to register a business (number),IC.REG.PROC,,,,,,,,,,,,,,,,,,,,,,,,,,,,,,,,,,,,,,,,,,,,9.56097561,9.095238095,9.11627907,8.733333333,8.377777778,7.543478261,7,6.765957447,6.446808511,6.375,5.918367347,5.714285714,5.428571429,5.326530612,5.244897959,5.12244898
Ecuador,ECU,Start-up procedures to register a business (number),IC.REG.PROC,,,,,,,,,,,,,,,,,,,,,,,,,,,,,,,,,,,,,,,,,,,,14,14,14,14,14,14,13,13,13,13,13,13,12,11,11,11
"Egypt, Arab Rep.",EGY,Start-up procedures to register a business (number),IC.REG.PROC,,,,,,,,,,,,,,,,,,,,,,,,,,,,,,,,,,,,,,,,,,,,14,14,11,11,10,9,9,9,9,9,9,9,9,9,9,6
Euro area,EMU,Start-up procedures to register a business (number),IC.REG.PROC,,,,,,,,,,,,,,,,,,,,,,,,,,,,,,,,,,,,,,,,,,,,8.3125,7.875,7.875,7.411764706,7.235294118,6.611111111,6.444444444,6.333333333,6.263157895,6.315789474,5.894736842,5.578947368,5.421052632,5.263157895,5.157894737,5.210526316
Eritrea,ERI,Start-up procedures to register a business (number),IC.REG.PROC,,,,,,,,,,,,,,,,,,,,,,,,,,,,,,,,,,,,,,,,,,,,,13,13,13,13,13,13,13,13,13,13,13,13,13,13,13
Spain,ESP,Start-up procedures to register a business (number),IC.REG.PROC,,,,,,,,,,,,,,,,,,,,,,,,,,,,,,,,,,,,,,,,,,,,10,10,10,10,10,10,10,10,10,11,11,7,7,7,7,7
Estonia,EST,Start-up procedures to register a business (number),IC.REG.PROC,,,,,,,,,,,,,,,,,,,,,,,,,,,,,,,,,,,,,,,,,,,,6,6,6,6,5,5,5,5,5,5,5,4,3,3,3,3
Ethiopia,ETH,Start-up procedures to register a business (number),IC.REG.PROC,,,,,,,,,,,,,,,,,,,,,,,,,,,,,,,,,,,,,,,,,,,,12,11,11,11,11,11,11,11,13,14,14,14,14,14,12,11
European Union,EUU,Start-up procedures to register a business (number),IC.REG.PROC,,,,,,,,,,,,,,,,,,,,,,,,,,,,,,,,,,,,,,,,,,,,8.28,7.96,7.92,7.461538462,7.346153846,6.62962963,6.37037037,6.296296296,6.25,6.321428571,5.928571429,5.714285714,5.535714286,5.428571429,5.357142857,5.392857143
Fragile and conflict affected situations,FCS,Start-up procedures to register a business (number),IC.REG.PROC,,,,,,,,,,,,,,,,,,,,,,,,,,,,,,,,,,,,,,,,,,,,10.47368421,10.48,10.5862069,10.56666667,10.46666667,9.9,9.387096774,9.193548387,8.677419355,8.764705882,8.470588235,8.117647059,8.028571429,7.914285714,7.742857143,7.571428571
Finland,FIN,Start-up procedures to register a business (number),IC.REG.PROC,,,,,,,,,,,,,,,,,,,,,,,,,,,,,,,,,,,,,,,,,,,,3,3,3,3,3,3,3,3,3,3,3,3,3,3,3,3
Fiji,FJI,Start-up procedures to register a business (number),IC.REG.PROC,,,,,,,,,,,,,,,,,,,,,,,,,,,,,,,,,,,,,,,,,,,,7,7,8,8,8,8,8,8,9,11,11,11,11,11,11,11
France,FRA,Start-up procedures to register a business (number),IC.REG.PROC,,,,,,,,,,,,,,,,,,,,,,,,,,,,,,,,,,,,,,,,,,,,8,5,5,5,5,5,5,5,5,5,5,5,5,5,5,5
Faroe Islands,FRO,Start-up procedures to register a business (number),IC.REG.PROC,,,,,,,,,,,,,,,,,,,,,,,,,,,,,,,,,,,,,,,,,,,,,,,,,,,,,,,,,,,
"Micronesia, Fed. Sts.",FSM,Start-up procedures to register a business (number),IC.REG.PROC,,,,,,,,,,,,,,,,,,,,,,,,,,,,,,,,,,,,,,,,,,,,7,7,7,7,7,7,7,7,7,7,7,7,7,7,7,7
Gabon,GAB,Start-up procedures to register a business (number),IC.REG.PROC,,,,,,,,,,,,,,,,,,,,,,,,,,,,,,,,,,,,,,,,,,,,,,10,10,10,10,10,10,10,10,9,9,9,9,8,7
United Kingdom,GBR,Start-up procedures to register a business (number),IC.REG.PROC,,,,,,,,,,,,,,,,,,,,,,,,,,,,,,,,,,,,,,,,,,,,6,6,6,6,6,6,6,6,6,6,6,6,4,4,4,4
Georgia,GEO,Start-up procedures to register a business (number),IC.REG.PROC,,,,,,,,,,,,,,,,,,,,,,,,,,,,,,,,,,,,,,,,,,,,9,9,8,7,5,3,3,3,2,2,2,2,2,2,2,1
Ghana,GHA,Start-up procedures to register a business (number),IC.REG.PROC,,,,,,,,,,,,,,,,,,,,,,,,,,,,,,,,,,,,,,,,,,,,11,11,11,11,10,8,7,7,7,7,8,8,8,8,8,8
Gibraltar,GIB,Start-up procedures to register a business (number),IC.REG.PROC,,,,,,,,,,,,,,,,,,,,,,,,,,,,,,,,,,,,,,,,,,,,,,,,,,,,,,,,,,,
Guinea,GIN,Start-up procedures to register a business (number),IC.REG.PROC,,,,,,,,,,,,,,,,,,,,,,,,,,,,,,,,,,,,,,,,,,,,12,12,12,12,12,12,12,12,12,7,7,7,7,7,7,6
"Gambia, The",GMB,Start-up procedures to register a business (number),IC.REG.PROC,,,,,,,,,,,,,,,,,,,,,,,,,,,,,,,,,,,,,,,,,,,,,,8,8,9,8,8,8,8,8,8,7,7,7,7,7
Guinea-Bissau,GNB,Start-up procedures to register a business (number),IC.REG.PROC,,,,,,,,,,,,,,,,,,,,,,,,,,,,,,,,,,,,,,,,,,,,,,17,17,17,17,17,17,9,9,9,9,9,9,9,9
Equatorial Guinea,GNQ,Start-up procedures to register a business (number),IC.REG.PROC,,,,,,,,,,,,,,,,,,,,,,,,,,,,,,,,,,,,,,,,,,,,,,18,18,18,18,18,18,18,18,18,18,18,17,16,16
Greece,GRC,Start-up procedures to register a business (number),IC.REG.PROC,,,,,,,,,,,,,,,,,,,,,,,,,,,,,,,,,,,,,,,,,,,,15,15,15,15,15,15,15,15,11,11,5,5,5,5,4,4
Grenada,GRD,Start-up procedures to register a business (number),IC.REG.PROC,,,,,,,,,,,,,,,,,,,,,,,,,,,,,,,,,,,,,,,,,,,,,,6,6,6,6,6,6,6,6,6,6,6,6,6,6
Greenland,GRL,Start-up procedures to register a business (number),IC.REG.PROC,,,,,,,,,,,,,,,,,,,,,,,,,,,,,,,,,,,,,,,,,,,,,,,,,,,,,,,,,,,
Guatemala,GTM,Start-up procedures to register a business (number),IC.REG.PROC,,,,,,,,,,,,,,,,,,,,,,,,,,,,,,,,,,,,,,,,,,,,16,16,16,14,14,14,14,14,14,14,9,9,9,9,9,6
Guam,GUM,Start-up procedures to register a business (number),IC.REG.PROC,,,,,,,,,,,,,,,,,,,,,,,,,,,,,,,,,,,,,,,,,,,,,,,,,,,,,,,,,,,
Guyana,GUY,Start-up procedures to register a business (number),IC.REG.PROC,,,,,,,,,,,,,,,,,,,,,,,,,,,,,,,,,,,,,,,,,,,,,8,8,8,8,8,8,8,8,7,7,7,7,7,7,7
High income,HIC,Start-up procedures to register a business (number),IC.REG.PROC,,,,,,,,,,,,,,,,,,,,,,,,,,,,,,,,,,,,,,,,,,,,7.976190476,7.720930233,7.765957447,7.816326531,7.576923077,7.188679245,6.886792453,6.811320755,6.472727273,6.5,6.293103448,6.155172414,5.879310345,5.706896552,5.517241379,5.379310345
"Hong Kong SAR, China",HKG,Start-up procedures to register a business (number),IC.REG.PROC,,,,,,,,,,,,,,,,,,,,,,,,,,,,,,,,,,,,,,,,,,,,5,5,5,5,5,5,3,3,3,3,3,3,2,2,2,2
Honduras,HND,Start-up procedures to register a business (number),IC.REG.PROC,,,,,,,,,,,,,,,,,,,,,,,,,,,,,,,,,,,,,,,,,,,,12,12,12,12,12,12,12,12,12,12,12,12,11,11,11,11
Heavily indebted poor countries (HIPC),HPC,Start-up procedures to register a business (number),IC.REG.PROC,,,,,,,,,,,,,,,,,,,,,,,,,,,,,,,,,,,,,,,,,,,,11.82758621,11.32352941,11.2972973,11.07894737,10.81578947,10.34210526,9.815789474,9.578947368,8.973684211,8.684210526,8.5,8.184210526,8.153846154,7.846153846,7.512820513,7.307692308
Croatia,HRV,Start-up procedures to register a business (number),IC.REG.PROC,,,,,,,,,,,,,,,,,,,,,,,,,,,,,,,,,,,,,,,,,,,,11,11,11,9,8,8,8,8,8,8,8,8,8,8,8,8
Haiti,HTI,Start-up procedures to register a business (number),IC.REG.PROC,,,,,,,,,,,,,,,,,,,,,,,,,,,,,,,,,,,,,,,,,,,,13,13,13,13,13,13,13,12,12,12,12,12,12,12,12,12
Hungary,HUN,Start-up procedures to register a business (number),IC.REG.PROC,,,,,,,,,,,,,,,,,,,,,,,,,,,,,,,,,,,,,,,,,,,,7,7,7,7,7,5,5,5,5,6,6,6,6,6,6,6
IBRD only,IBD,Start-up procedures to register a business (number),IC.REG.PROC,,,,,,,,,,,,,,,,,,,,,,,,,,,,,,,,,,,,,,,,,,,,11.95744681,11.30612245,11.10344828,10.91525424,10.49152542,9.93220339,9.491525424,9.338983051,9,8.9,8.681818182,8.666666667,8.484848485,8.287878788,8.181818182,7.712121212
IDA & IBRD total,IBT,Start-up procedures to register a business (number),IC.REG.PROC,,,,,,,,,,,,,,,,,,,,,,,,,,,,,,,,,,,,,,,,,,,,11.12244898,10.66981132,10.552,10.40944882,10.09448819,9.598425197,9.1328125,8.9375,8.546875,8.488549618,8.328571429,8.192857143,8.042553191,7.829787234,7.638297872,7.319148936
IDA total,IDA,Start-up procedures to register a business (number),IC.REG.PROC,,,,,,,,,,,,,,,,,,,,,,,,,,,,,,,,,,,,,,,,,,,,10.35294118,10.12280702,10.07462687,9.970588235,9.75,9.308823529,8.826086957,8.594202899,8.15942029,8.14084507,8.013513514,7.77027027,7.653333333,7.426666667,7.16,6.973333333
IDA blend,IDB,Start-up procedures to register a business (number),IC.REG.PROC,,,,,,,,,,,,,,,,,,,,,,,,,,,,,,,,,,,,,,,,,,,,10,9.9,9.266666667,9.266666667,9.066666667,9.2,8.733333333,8.333333333,8.066666667,8.133333333,8.176470588,8.058823529,7.823529412,7.647058824,7.294117647,7
Indonesia,IDN,Start-up procedures to register a business (number),IC.REG.PROC,,,,,,,,,,,,,,,,,,,,,,,,,,,,,,,,,,,,,,,,,,,,,,,,,,,,,,11,12,12,11,11,10
IDA only,IDX,Start-up procedures to register a business (number),IC.REG.PROC,,,,,,,,,,,,,,,,,,,,,,,,,,,,,,,,,,,,,,,,,,,,10.42857143,10.17021277,10.30769231,10.16981132,9.943396226,9.339622642,8.851851852,8.666666667,8.185185185,8.142857143,7.964912281,7.684210526,7.603448276,7.362068966,7.120689655,6.965517241
Isle of Man,IMN,Start-up procedures to register a business (number),IC.REG.PROC,,,,,,,,,,,,,,,,,,,,,,,,,,,,,,,,,,,,,,,,,,,,,,,,,,,,,,,,,,,
India,IND,Start-up procedures to register a business (number),IC.REG.PROC,,,,,,,,,,,,,,,,,,,,,,,,,,,,,,,,,,,,,,,,,,,,,,,,,,,,,,15,15,14,14,12,10
Not classified,INX,Start-up procedures to register a business (number),IC.REG.PROC,,,,,,,,,,,,,,,,,,,,,,,,,,,,,,,,,,,,,,,,,,,,,,,,,,,,,,,,,,,
Ireland,IRL,Start-up procedures to register a business (number),IC.REG.PROC,,,,,,,,,,,,,,,,,,,,,,,,,,,,,,,,,,,,,,,,,,,,4,4,4,4,4,4,4,4,4,4,4,4,4,3,3,3
"Iran, Islamic Rep.",IRN,Start-up procedures to register a business (number),IC.REG.PROC,,,,,,,,,,,,,,,,,,,,,,,,,,,,,,,,,,,,,,,,,,,,11,11,10,10,10,10,9,9,9,10,10,10,10,10,10,10
Iraq,IRQ,Start-up procedures to register a business (number),IC.REG.PROC,,,,,,,,,,,,,,,,,,,,,,,,,,,,,,,,,,,,,,,,,,,,,11,11,11,11,11,11,11,11,10,10,10,9,9,8,8
Iceland,ISL,Start-up procedures to register a business (number),IC.REG.PROC,,,,,,,,,,,,,,,,,,,,,,,,,,,,,,,,,,,,,,,,,,,,,5,5,5,5,5,5,5,5,5,5,5,5,5,5,5
Israel,ISR,Start-up procedures to register a business (number),IC.REG.PROC,,,,,,,,,,,,,,,,,,,,,,,,,,,,,,,,,,,,,,,,,,,,5,5,5,5,5,5,5,5,5,5,5,5,5,4,4,4
Italy,ITA,Start-up procedures to register a business (number),IC.REG.PROC,,,,,,,,,,,,,,,,,,,,,,,,,,,,,,,,,,,,,,,,,,,,9,9,9,9,9,6,7,7,7,7,7,6,6,6,6,6
Jamaica,JAM,Start-up procedures to register a business (number),IC.REG.PROC,,,,,,,,,,,,,,,,,,,,,,,,,,,,,,,,,,,,,,,,,,,,7,7,6,6,6,6,6,6,6,6,5,2,2,2,2,2
Jordan,JOR,Start-up procedures to register a business (number),IC.REG.PROC,,,,,,,,,,,,,,,,,,,,,,,,,,,,,,,,,,,,,,,,,,,,13,10,10,10,8,8,7,7,7,7,7,7,7,7,7,7
Japan,JPN,Start-up procedures to register a business (number),IC.REG.PROC,,,,,,,,,,,,,,,,,,,,,,,,,,,,,,,,,,,,,,,,,,,,,,,,,,,,,,8,8,8,8,8,8
Kazakhstan,KAZ,Start-up procedures to register a business (number),IC.REG.PROC,,,,,,,,,,,,,,,,,,,,,,,,,,,,,,,,,,,,,,,,,,,,11,11,9,9,9,9,8,7,7,7,7,7,6,5,5,5
Kenya,KEN,Start-up procedures to register a business (number),IC.REG.PROC,,,,,,,,,,,,,,,,,,,,,,,,,,,,,,,,,,,,,,,,,,,,13,13,15,15,14,15,15,14,14,13,13,13,13,9,7,7
Kyrgyz Republic,KGZ,Start-up procedures to register a business (number),IC.REG.PROC,,,,,,,,,,,,,,,,,,,,,,,,,,,,,,,,,,,,,,,,,,,,9,9,9,9,9,6,5,4,4,4,4,4,4,4,4,4
Cambodia,KHM,Start-up procedures to register a business (number),IC.REG.PROC,,,,,,,,,,,,,,,,,,,,,,,,,,,,,,,,,,,,,,,,,,,,11,11,10,10,10,11,11,11,11,11,12,12,8,9,9,9
Kiribati,KIR,Start-up procedures to register a business (number),IC.REG.PROC,,,,,,,,,,,,,,,,,,,,,,,,,,,,,,,,,,,,,,,,,,,,6,7,7,7,7,7,7,7,7,7,7,7,7,7,7,7
St. Kitts and Nevis,KNA,Start-up procedures to register a business (number),IC.REG.PROC,,,,,,,,,,,,,,,,,,,,,,,,,,,,,,,,,,,,,,,,,,,,,,7,7,7,7,7,7,7,7,7,7,7,7,7,7
"Korea, Rep.",KOR,Start-up procedures to register a business (number),IC.REG.PROC,,,,,,,,,,,,,,,,,,,,,,,,,,,,,,,,,,,,,,,,,,,,10,10,10,10,10,10,8,8,5,3,3,3,3,2,2,2
Kuwait,KWT,Start-up procedures to register a business (number),IC.REG.PROC,,,,,,,,,,,,,,,,,,,,,,,,,,,,,,,,,,,,,,,,,,,,13,13,13,13,13,13,13,13,12,12,12,12,12,12,9,7
Latin America & Caribbean (excluding high income),LAC,Start-up procedures to register a business (number),IC.REG.PROC,,,,,,,,,,,,,,,,,,,,,,,,,,,,,,,,,,,,,,,,,,,,13.2,12.1875,10.95454545,10.86363636,10.36363636,10.22727273,10,9.954545455,9.863636364,9.818181818,9.375,9.25,9.166666667,8.916666667,8.916666667,8.708333333
Lao PDR,LAO,Start-up procedures to register a business (number),IC.REG.PROC,,,,,,,,,,,,,,,,,,,,,,,,,,,,,,,,,,,,,,,,,,,,10,10,10,11,11,11,11,11,10,9,9,9,10,10,10,10
Lebanon,LBN,Start-up procedures to register a business (number),IC.REG.PROC,,,,,,,,,,,,,,,,,,,,,,,,,,,,,,,,,,,,,,,,,,,,9,9,9,9,9,8,8,8,8,8,8,8,8,8,8,8
Liberia,LBR,Start-up procedures to register a business (number),IC.REG.PROC,,,,,,,,,,,,,,,,,,,,,,,,,,,,,,,,,,,,,,,,,,,,,,,11,11,7,6,6,5,5,5,5,5,5,5,5
Libya,LBY,Start-up procedures to register a business (number),IC.REG.PROC,,,,,,,,,,,,,,,,,,,,,,,,,,,,,,,,,,,,,,,,,,,,,,,,,,,,,10,10,10,10,10,10,10
St. Lucia,LCA,Start-up procedures to register a business (number),IC.REG.PROC,,,,,,,,,,,,,,,,,,,,,,,,,,,,,,,,,,,,,,,,,,,,,,6,6,6,6,5,5,5,5,5,5,5,5,5,5
Latin America & Caribbean,LCN,Start-up procedures to register a business (number),IC.REG.PROC,,,,,,,,,,,,,,,,,,,,,,,,,,,,,,,,,,,,,,,,,,,,12.15789474,11.4,10.31034483,10.20689655,9.766666667,9.666666667,9.5,9.433333333,9.064516129,9.032258065,8.696969697,8.606060606,8.575757576,8.393939394,8.363636364,8.181818182
Least developed countries: UN classification,LDC,Start-up procedures to register a business (number),IC.REG.PROC,,,,,,,,,,,,,,,,,,,,,,,,,,,,,,,,,,,,,,,,,,,,11,10.83783784,10.85365854,10.66666667,10.42857143,9.80952381,9.357142857,9.19047619,8.595238095,8.590909091,8.488888889,8.177777778,8.065217391,7.739130435,7.47826087,7.304347826
Low income,LIC,Start-up procedures to register a business (number),IC.REG.PROC,,,,,,,,,,,,,,,,,,,,,,,,,,,,,,,,,,,,,,,,,,,,11.95454545,11.54166667,11.66666667,11.35714286,11.07142857,10.39285714,9.642857143,9.25,8.571428571,8.379310345,8.275862069,8,8,7.633333333,7.266666667,7.1
Liechtenstein,LIE,Start-up procedures to register a business (number),IC.REG.PROC,,,,,,,,,,,,,,,,,,,,,,,,,,,,,,,,,,,,,,,,,,,,,,,,,,,,,,,,,,,
Sri Lanka,LKA,Start-up procedures to register a business (number),IC.REG.PROC,,,,,,,,,,,,,,,,,,,,,,,,,,,,,,,,,,,,,,,,,,,,9,9,9,9,9,9,9,9,9,9,9,9,8,7,7,7
Lower middle income,LMC,Start-up procedures to register a business (number),IC.REG.PROC,,,,,,,,,,,,,,,,,,,,,,,,,,,,,,,,,,,,,,,,,,,,10.66666667,10.51351351,10.53658537,10.36585366,10.14634146,9.707317073,9.56097561,9.365853659,9.024390244,9.071428571,9.021276596,8.85106383,8.574468085,8.446808511,8.191489362,7.70212766
Low & middle income,LMY,Start-up procedures to register a business (number),IC.REG.PROC,,,,,,,,,,,,,,,,,,,,,,,,,,,,,,,,,,,,,,,,,,,,11.23913043,10.78217822,10.70689655,10.56779661,10.22881356,9.686440678,9.218487395,9.016806723,8.655462185,8.590163934,8.435114504,8.290076336,8.128787879,7.901515152,7.696969697,7.363636364
Lesotho,LSO,Start-up procedures to register a business (number),IC.REG.PROC,,,,,,,,,,,,,,,,,,,,,,,,,,,,,,,,,,,,,,,,,,,,9,9,9,8,8,7,7,7,7,7,7,7,7,7,7,7
Late-demographic dividend,LTE,Start-up procedures to register a business (number),IC.REG.PROC,,,,,,,,,,,,,,,,,,,,,,,,,,,,,,,,,,,,,,,,,,,,10.15151515,9.333333333,9.125,9.452380952,9.159090909,8.533333333,7.911111111,7.666666667,7.222222222,7.133333333,6.979166667,6.833333333,6.479166667,6.25,6.0625,5.666666667
Lithuania,LTU,Start-up procedures to register a business (number),IC.REG.PROC,,,,,,,,,,,,,,,,,,,,,,,,,,,,,,,,,,,,,,,,,,,,8,8,8,7,7,7,7,6,6,7,6,5,4,4,4,4
Luxembourg,LUX,Start-up procedures to register a business (number),IC.REG.PROC,,,,,,,,,,,,,,,,,,,,,,,,,,,,,,,,,,,,,,,,,,,,,,,5,5,5,5,5,5,5,5,5,5,5,5,5
Latvia,LVA,Start-up procedures to register a business (number),IC.REG.PROC,,,,,,,,,,,,,,,,,,,,,,,,,,,,,,,,,,,,,,,,,,,,5,5,5,5,5,5,5,5,4,4,4,4,4,4,4,4
"Macao SAR, China",MAC,Start-up procedures to register a business (number),IC.REG.PROC,,,,,,,,,,,,,,,,,,,,,,,,,,,,,,,,,,,,,,,,,,,,,,,,,,,,,,,,,,,
St. Martin (French part),MAF,Start-up procedures to register a business (number),IC.REG.PROC,,,,,,,,,,,,,,,,,,,,,,,,,,,,,,,,,,,,,,,,,,,,,,,,,,,,,,,,,,,
Morocco,MAR,Start-up procedures to register a business (number),IC.REG.PROC,,,,,,,,,,,,,,,,,,,,,,,,,,,,,,,,,,,,,,,,,,,,12,7,7,7,7,7,7,7,7,7,6,6,5,5,4,4
Monaco,MCO,Start-up procedures to register a business (number),IC.REG.PROC,,,,,,,,,,,,,,,,,,,,,,,,,,,,,,,,,,,,,,,,,,,,,,,,,,,,,,,,,,,
Moldova,MDA,Start-up procedures to register a business (number),IC.REG.PROC,,,,,,,,,,,,,,,,,,,,,,,,,,,,,,,,,,,,,,,,,,,,12,11,11,11,10,10,9,9,8,8,7,6,5,5,4,3
Madagascar,MDG,Start-up procedures to register a business (number),IC.REG.PROC,,,,,,,,,,,,,,,,,,,,,,,,,,,,,,,,,,,,,,,,,,,,15,13,12,11,9,9,9,9,9,9,9,9,10,8,5,5
Maldives,MDV,Start-up procedures to register a business (number),IC.REG.PROC,,,,,,,,,,,,,,,,,,,,,,,,,,,,,,,,,,,,,,,,,,,,5,5,5,5,5,5,6,6,6,6,6,6,6,6,6,6
Middle East & North Africa,MEA,Start-up procedures to register a business (number),IC.REG.PROC,,,,,,,,,,,,,,,,,,,,,,,,,,,,,,,,,,,,,,,,,,,,11.78571429,11.25,11,11,10.10526316,9.263157895,8.947368421,9.052631579,8.95,8.952380952,8.714285714,8.619047619,8.476190476,8.142857143,7.714285714,7.047619048
Mexico,MEX,Start-up procedures to register a business (number),IC.REG.PROC,,,,,,,,,,,,,,,,,,,,,,,,,,,,,,,,,,,,,,,,,,,,,,,,,,,,,,7,7,7,8,8,8
Marshall Islands,MHL,Start-up procedures to register a business (number),IC.REG.PROC,,,,,,,,,,,,,,,,,,,,,,,,,,,,,,,,,,,,,,,,,,,,7,5,5,5,5,5,5,5,5,5,5,5,5,5,5,5
Middle income,MIC,Start-up procedures to register a business (number),IC.REG.PROC,,,,,,,,,,,,,,,,,,,,,,,,,,,,,,,,,,,,,,,,,,,,11.01428571,10.54545455,10.41573034,10.32222222,9.966666667,9.466666667,9.087912088,8.945054945,8.681318681,8.655913978,8.480392157,8.37254902,8.166666667,7.980392157,7.823529412,7.441176471
North Macedonia,MKD,Start-up procedures to register a business (number),IC.REG.PROC,,,,,,,,,,,,,,,,,,,,,,,,,,,,,,,,,,,,,,,,,,,,15,15,15,13,12,10,7,6,6,5,5,5,4,4,4,4
Mali,MLI,Start-up procedures to register a business (number),IC.REG.PROC,,,,,,,,,,,,,,,,,,,,,,,,,,,,,,,,,,,,,,,,,,,,12,12,12,12,10,10,6,6,4,4,5,5,5,5,5,5
Malta,MLT,Start-up procedures to register a business (number),IC.REG.PROC,,,,,,,,,,,,,,,,,,,,,,,,,,,,,,,,,,,,,,,,,,,,,,,,,,,,10,10,10,10,10,9,8,8
Myanmar,MMR,Start-up procedures to register a business (number),IC.REG.PROC,,,,,,,,,,,,,,,,,,,,,,,,,,,,,,,,,,,,,,,,,,,,,,,,,,,,,15,15,15,14,12,12,12
Middle East & North Africa (excluding high income),MNA,Start-up procedures to register a business (number),IC.REG.PROC,,,,,,,,,,,,,,,,,,,,,,,,,,,,,,,,,,,,,,,,,,,,11.88888889,11.09090909,10.75,10.75,10.58333333,9.5,9.166666667,9.166666667,9.166666667,9.230769231,8.846153846,8.692307692,8.461538462,8.461538462,8.307692308,7.615384615
Montenegro,MNE,Start-up procedures to register a business (number),IC.REG.PROC,,,,,,,,,,,,,,,,,,,,,,,,,,,,,,,,,,,,,,,,,,,,,,,15,15,15,13,9,8,8,8,8,8,8,8,8
Mongolia,MNG,Start-up procedures to register a business (number),IC.REG.PROC,,,,,,,,,,,,,,,,,,,,,,,,,,,,,,,,,,,,,,,,,,,,9,8,8,8,8,8,8,8,8,8,7,7,8,8,8,8
Northern Mariana Islands,MNP,Start-up procedures to register a business (number),IC.REG.PROC,,,,,,,,,,,,,,,,,,,,,,,,,,,,,,,,,,,,,,,,,,,,,,,,,,,,,,,,,,,
Mozambique,MOZ,Start-up procedures to register a business (number),IC.REG.PROC,,,,,,,,,,,,,,,,,,,,,,,,,,,,,,,,,,,,,,,,,,,,15,15,15,14,11,11,11,10,10,10,10,10,10,10,10,10
Mauritania,MRT,Start-up procedures to register a business (number),IC.REG.PROC,,,,,,,,,,,,,,,,,,,,,,,,,,,,,,,,,,,,,,,,,,,,11,11,11,11,11,9,9,9,9,9,9,7,7,7,4,4
Mauritius,MUS,Start-up procedures to register a business (number),IC.REG.PROC,,,,,,,,,,,,,,,,,,,,,,,,,,,,,,,,,,,,,,,,,,,,,7,7,7,7,6,6,6,5,5,5,5,5,5,5,4
Malawi,MWI,Start-up procedures to register a business (number),IC.REG.PROC,,,,,,,,,,,,,,,,,,,,,,,,,,,,,,,,,,,,,,,,,,,,10,10,10,10,10,10,10,10,10,10,10,8,8,7,7,7
Malaysia,MYS,Start-up procedures to register a business (number),IC.REG.PROC,,,,,,,,,,,,,,,,,,,,,,,,,,,,,,,,,,,,,,,,,,,,10,10,10,10,10,10,10,9,6,6,6,6,6,9,9,9
North America,NAC,Start-up procedures to register a business (number),IC.REG.PROC,,,,,,,,,,,,,,,,,,,,,,,,,,,,,,,,,,,,,,,,,,,,3,3,3,3,3,2,2,2,2,2,4,4,4,4,4,4
Namibia,NAM,Start-up procedures to register a business (number),IC.REG.PROC,,,,,,,,,,,,,,,,,,,,,,,,,,,,,,,,,,,,,,,,,,,,10,10,10,10,10,10,10,10,10,10,10,10,10,10,10,10
New Caledonia,NCL,Start-up procedures to register a business (number),IC.REG.PROC,,,,,,,,,,,,,,,,,,,,,,,,,,,,,,,,,,,,,,,,,,,,,,,,,,,,,,,,,,,
Niger,NER,Start-up procedures to register a business (number),IC.REG.PROC,,,,,,,,,,,,,,,,,,,,,,,,,,,,,,,,,,,,,,,,,,,,13,13,13,11,11,11,9,9,9,9,6,6,6,4,3,3
Nigeria,NGA,Start-up procedures to register a business (number),IC.REG.PROC,,,,,,,,,,,,,,,,,,,,,,,,,,,,,,,,,,,,,,,,,,,,,,,,,,,,,,8,9,8,9,8,8
Nicaragua,NIC,Start-up procedures to register a business (number),IC.REG.PROC,,,,,,,,,,,,,,,,,,,,,,,,,,,,,,,,,,,,,,,,,,,,11,8,8,8,8,8,8,8,8,8,8,7,7,7,7,7
Netherlands,NLD,Start-up procedures to register a business (number),IC.REG.PROC,,,,,,,,,,,,,,,,,,,,,,,,,,,,,,,,,,,,,,,,,,,,7,7,7,6,6,6,6,6,6,5,4,4,4,4,4,4
Norway,NOR,Start-up procedures to register a business (number),IC.REG.PROC,,,,,,,,,,,,,,,,,,,,,,,,,,,,,,,,,,,,,,,,,,,,5,5,5,4,5,5,5,5,5,5,5,4,4,4,4,4
Nepal,NPL,Start-up procedures to register a business (number),IC.REG.PROC,,,,,,,,,,,,,,,,,,,,,,,,,,,,,,,,,,,,,,,,,,,,7,7,7,7,7,7,7,7,7,7,7,7,7,7,7,7
Nauru,NRU,Start-up procedures to register a business (number),IC.REG.PROC,,,,,,,,,,,,,,,,,,,,,,,,,,,,,,,,,,,,,,,,,,,,,,,,,,,,,,,,,,,
New Zealand,NZL,Start-up procedures to register a business (number),IC.REG.PROC,,,,,,,,,,,,,,,,,,,,,,,,,,,,,,,,,,,,,,,,,,,,2,2,2,2,2,1,1,1,1,1,1,1,1,1,1,1
OECD members,OED,Start-up procedures to register a business (number),IC.REG.PROC,,,,,,,,,,,,,,,,,,,,,,,,,,,,,,,,,,,,,,,,,,,,7.548387097,7.09375,7.0625,6.818181818,6.757575758,6.303030303,6.03030303,5.96969697,5.666666667,5.666666667,5.5,5.333333333,5.194444444,5.111111111,5.083333333,5
Oman,OMN,Start-up procedures to register a business (number),IC.REG.PROC,,,,,,,,,,,,,,,,,,,,,,,,,,,,,,,,,,,,,,,,,,,,11,11,11,11,11,8,6,6,6,6,6,6,6,4,4,4
Other small states,OSS,Start-up procedures to register a business (number),IC.REG.PROC,,,,,,,,,,,,,,,,,,,,,,,,,,,,,,,,,,,,,,,,,,,,8.333333333,8.4,10.15789474,10.85714286,10.43478261,10.08333333,9.916666667,9.666666667,8.92,8.884615385,8.730769231,8.423076923,7.923076923,7.769230769,7.615384615,7.346153846
Pakistan,PAK,Start-up procedures to register a business (number),IC.REG.PROC,,,,,,,,,,,,,,,,,,,,,,,,,,,,,,,,,,,,,,,,,,,,,,,,,,,,,,13,13,13,13,13,10
Panama,PAN,Start-up procedures to register a business (number),IC.REG.PROC,,,,,,,,,,,,,,,,,,,,,,,,,,,,,,,,,,,,,,,,,,,,6,6,6,6,6,6,6,6,6,6,5,5,5,5,5,5
Peru,PER,Start-up procedures to register a business (number),IC.REG.PROC,,,,,,,,,,,,,,,,,,,,,,,,,,,,,,,,,,,,,,,,,,,,11,11,11,11,11,11,10,9,8,8,8,8,8,8,8,8
Philippines,PHL,Start-up procedures to register a business (number),IC.REG.PROC,,,,,,,,,,,,,,,,,,,,,,,,,,,,,,,,,,,,,,,,,,,,17,17,17,17,17,17,18,17,16,16,16,16,16,16,16,13
Palau,PLW,Start-up procedures to register a business (number),IC.REG.PROC,,,,,,,,,,,,,,,,,,,,,,,,,,,,,,,,,,,,,,,,,,,,8,7,7,8,8,8,8,8,8,8,8,8,8,8,8,8
Papua New Guinea,PNG,Start-up procedures to register a business (number),IC.REG.PROC,,,,,,,,,,,,,,,,,,,,,,,,,,,,,,,,,,,,,,,,,,,,6,6,6,6,6,6,6,6,6,6,6,6,6,6,6,6
Poland,POL,Start-up procedures to register a business (number),IC.REG.PROC,,,,,,,,,,,,,,,,,,,,,,,,,,,,,,,,,,,,,,,,,,,,11,11,11,11,11,11,7,7,7,7,5,5,5,5,5,5
Pre-demographic dividend,PRE,Start-up procedures to register a business (number),IC.REG.PROC,,,,,,,,,,,,,,,,,,,,,,,,,,,,,,,,,,,,,,,,,,,,11.91666667,11.55172414,11.75757576,11.5,11.20588235,10.67647059,10.17647059,9.852941176,9.205882353,8.914285714,8.666666667,8.333333333,8.27027027,7.864864865,7.432432432,7.243243243
Puerto Rico,PRI,Start-up procedures to register a business (number),IC.REG.PROC,,,,,,,,,,,,,,,,,,,,,,,,,,,,,,,,,,,,,,,,,,,,7,7,7,7,7,7,7,7,6,6,6,6,6,6,6,6
"Korea, Dem. People’s Rep.",PRK,Start-up procedures to register a business (number),IC.REG.PROC,,,,,,,,,,,,,,,,,,,,,,,,,,,,,,,,,,,,,,,,,,,,,,,,,,,,,,,,,,,
Portugal,PRT,Start-up procedures to register a business (number),IC.REG.PROC,,,,,,,,,,,,,,,,,,,,,,,,,,,,,,,,,,,,,,,,,,,,11,11,11,8,7,6,6,6,6,6,5,6,6,6,6,6
Paraguay,PRY,Start-up procedures to register a business (number),IC.REG.PROC,,,,,,,,,,,,,,,,,,,,,,,,,,,,,,,,,,,,,,,,,,,,17,17,17,17,7,7,7,7,7,7,7,7,7,7,7,7
West Bank and Gaza,PSE,Start-up procedures to register a business (number),IC.REG.PROC,,,,,,,,,,,,,,,,,,,,,,,,,,,,,,,,,,,,,,,,,,,,,13,13,13,13,12,12,12,12,12,10,10,10,10,10,10
Pacific island small states,PSS,Start-up procedures to register a business (number),IC.REG.PROC,,,,,,,,,,,,,,,,,,,,,,,,,,,,,,,,,,,,,,,,,,,,6.888888889,6.555555556,6.777777778,6.888888889,6.888888889,6.888888889,6.444444444,6.444444444,6.555555556,6.777777778,6.777777778,6.777777778,6.777777778,6.666666667,6.666666667,6.666666667
Post-demographic dividend,PST,Start-up procedures to register a business (number),IC.REG.PROC,,,,,,,,,,,,,,,,,,,,,,,,,,,,,,,,,,,,,,,,,,,,8.3,8.1,8.096774194,7.53125,7.28125,6.625,6.3125,6.28125,6.176470588,6.088235294,5.833333333,5.666666667,5.472222222,5.444444444,5.388888889,5.361111111
French Polynesia,PYF,Start-up procedures to register a business (number),IC.REG.PROC,,,,,,,,,,,,,,,,,,,,,,,,,,,,,,,,,,,,,,,,,,,,,,,,,,,,,,,,,,,
Qatar,QAT,Start-up procedures to register a business (number),IC.REG.PROC,,,,,,,,,,,,,,,,,,,,,,,,,,,,,,,,,,,,,,,,,,,,,,,,7,7,7,9,8,8,8,8,8,8,8,7
Romania,ROU,Start-up procedures to register a business (number),IC.REG.PROC,,,,,,,,,,,,,,,,,,,,,,,,,,,,,,,,,,,,,,,,,,,,7,6,6,6,6,6,6,6,7,7,6,6,6,6,6,6
Russian Federation,RUS,Start-up procedures to register a business (number),IC.REG.PROC,,,,,,,,,,,,,,,,,,,,,,,,,,,,,,,,,,,,,,,,,,,,,,,,,,,,,,6,5,5,4,4,4
Rwanda,RWA,Start-up procedures to register a business (number),IC.REG.PROC,,,,,,,,,,,,,,,,,,,,,,,,,,,,,,,,,,,,,,,,,,,,9,9,9,9,9,8,6,6,6,7,7,8,7,5,5,5
South Asia,SAS,Start-up procedures to register a business (number),IC.REG.PROC,,,,,,,,,,,,,,,,,,,,,,,,,,,,,,,,,,,,,,,,,,,,7.75,7,7,7,6.8,6.8,7,7,7,7,8.875,8.875,8.625,8.5,8.25,7.625
Saudi Arabia,SAU,Start-up procedures to register a business (number),IC.REG.PROC,,,,,,,,,,,,,,,,,,,,,,,,,,,,,,,,,,,,,,,,,,,,19,19,19,19,13,13,14,14,14,14,14,14,14,14,11,11
Sudan,SDN,Start-up procedures to register a business (number),IC.REG.PROC,,,,,,,,,,,,,,,,,,,,,,,,,,,,,,,,,,,,,,,,,,,,,12,11,11,11,11,11,11,11,11,11,11,11,11,11,10
Senegal,SEN,Start-up procedures to register a business (number),IC.REG.PROC,,,,,,,,,,,,,,,,,,,,,,,,,,,,,,,,,,,,,,,,,,,,11,11,11,11,11,5,5,5,4,4,4,4,4,4,4,4
Singapore,SGP,Start-up procedures to register a business (number),IC.REG.PROC,,,,,,,,,,,,,,,,,,,,,,,,,,,,,,,,,,,,,,,,,,,,7,7,6,6,5,4,3,3,3,3,3,3,3,3,3,2
Solomon Islands,SLB,Start-up procedures to register a business (number),IC.REG.PROC,,,,,,,,,,,,,,,,,,,,,,,,,,,,,,,,,,,,,,,,,,,,7,7,7,7,7,7,7,7,7,7,7,7,7,7,7,7
Sierra Leone,SLE,Start-up procedures to register a business (number),IC.REG.PROC,,,,,,,,,,,,,,,,,,,,,,,,,,,,,,,,,,,,,,,,,,,,8,8,8,8,8,6,6,6,6,6,6,6,6,5,5,5
El Salvador,SLV,Start-up procedures to register a business (number),IC.REG.PROC,,,,,,,,,,,,,,,,,,,,,,,,,,,,,,,,,,,,,,,,,,,,13,13,13,11,10,9,9,9,9,9,9,9,9,9,9,9
San Marino,SMR,Start-up procedures to register a business (number),IC.REG.PROC,,,,,,,,,,,,,,,,,,,,,,,,,,,,,,,,,,,,,,,,,,,,,,,,,,,,,9,9,8,8,8,8,8
Somalia,SOM,Start-up procedures to register a business (number),IC.REG.PROC,,,,,,,,,,,,,,,,,,,,,,,,,,,,,,,,,,,,,,,,,,,,,,,,,,,,,,,,9,9,9,9
Serbia,SRB,Start-up procedures to register a business (number),IC.REG.PROC,,,,,,,,,,,,,,,,,,,,,,,,,,,,,,,,,,,,,,,,,,,,12,12,11,11,11,11,7,7,7,6,6,6,6,5,5,5
Sub-Saharan Africa (excluding high income),SSA,Start-up procedures to register a business (number),IC.REG.PROC,,,,,,,,,,,,,,,,,,,,,,,,,,,,,,,,,,,,,,,,,,,,11.4375,11.27777778,11.48837209,11.27272727,10.97727273,10.38636364,9.863636364,9.636363636,9.068181818,8.911111111,8.739130435,8.543478261,8.510638298,8.14893617,7.723404255,7.510638298
South Sudan,SSD,Start-up procedures to register a business (number),IC.REG.PROC,,,,,,,,,,,,,,,,,,,,,,,,,,,,,,,,,,,,,,,,,,,,,,,,,,,,,13,13,13,13,13,12,12
Sub-Saharan Africa,SSF,Start-up procedures to register a business (number),IC.REG.PROC,,,,,,,,,,,,,,,,,,,,,,,,,,,,,,,,,,,,,,,,,,,,11.4375,11.27777778,11.45454545,11.24444444,10.95555556,10.37777778,9.866666667,9.644444444,9.088888889,8.934782609,8.744680851,8.553191489,8.520833333,8.166666667,7.75,7.541666667
Small states,SST,Start-up procedures to register a business (number),IC.REG.PROC,,,,,,,,,,,,,,,,,,,,,,,,,,,,,,,,,,,,,,,,,,,,7.4375,7.523809524,8.717948718,9.170731707,8.977272727,8.822222222,8.6,8.444444444,8.085106383,8.104166667,7.979166667,7.75,7.5,7.291666667,7.1875,7.041666667
Sao Tome and Principe,STP,Start-up procedures to register a business (number),IC.REG.PROC,,,,,,,,,,,,,,,,,,,,,,,,,,,,,,,,,,,,,,,,,,,,,11,11,11,11,11,11,12,7,7,7,6,6,6,6,6
Suriname,SUR,Start-up procedures to register a business (number),IC.REG.PROC,,,,,,,,,,,,,,,,,,,,,,,,,,,,,,,,,,,,,,,,,,,,,,13,13,13,13,13,13,13,13,13,13,13,8,8,8
Slovak Republic,SVK,Start-up procedures to register a business (number),IC.REG.PROC,,,,,,,,,,,,,,,,,,,,,,,,,,,,,,,,,,,,,,,,,,,,11,10,10,10,10,8,8,8,8,8,9,9,8,8,8,8
Slovenia,SVN,Start-up procedures to register a business (number),IC.REG.PROC,,,,,,,,,,,,,,,,,,,,,,,,,,,,,,,,,,,,,,,,,,,,11,11,11,11,11,7,3,2,2,2,2,2,2,2,2,3
Sweden,SWE,Start-up procedures to register a business (number),IC.REG.PROC,,,,,,,,,,,,,,,,,,,,,,,,,,,,,,,,,,,,,,,,,,,,3,3,3,3,3,3,3,3,3,3,3,3,3,3,3,3
Eswatini,SWZ,Start-up procedures to register a business (number),IC.REG.PROC,,,,,,,,,,,,,,,,,,,,,,,,,,,,,,,,,,,,,,,,,,,,,,12,12,12,12,12,12,12,12,12,12,12,12,12,12
Sint Maarten (Dutch part),SXM,Start-up procedures to register a business (number),IC.REG.PROC,,,,,,,,,,,,,,,,,,,,,,,,,,,,,,,,,,,,,,,,,,,,,,,,,,,,,,,,,,,
Seychelles,SYC,Start-up procedures to register a business (number),IC.REG.PROC,,,,,,,,,,,,,,,,,,,,,,,,,,,,,,,,,,,,,,,,,,,,,,10,10,10,10,10,10,10,10,9,9,9,9,9,9
Syrian Arab Republic,SYR,Start-up procedures to register a business (number),IC.REG.PROC,,,,,,,,,,,,,,,,,,,,,,,,,,,,,,,,,,,,,,,,,,,,12,12,12,12,13,8,7,7,7,7,7,7,7,7,7,7
Turks and Caicos Islands,TCA,Start-up procedures to register a business (number),IC.REG.PROC,,,,,,,,,,,,,,,,,,,,,,,,,,,,,,,,,,,,,,,,,,,,,,,,,,,,,,,,,,,
Chad,TCD,Start-up procedures to register a business (number),IC.REG.PROC,,,,,,,,,,,,,,,,,,,,,,,,,,,,,,,,,,,,,,,,,,,,13,13,13,13,13,13,13,13,11,9,9,9,9,9,9,8
East Asia & Pacific (IDA & IBRD countries),TEA,Start-up procedures to register a business (number),IC.REG.PROC,,,,,,,,,,,,,,,,,,,,,,,,,,,,,,,,,,,,,,,,,,,,8.588235294,8.444444444,8.5,8.611111111,8.611111111,8.666666667,8.444444444,8.222222222,7.833333333,8.210526316,8.476190476,8.333333333,8.142857143,8,8,7.619047619
Europe & Central Asia (IDA & IBRD countries),TEC,Start-up procedures to register a business (number),IC.REG.PROC,,,,,,,,,,,,,,,,,,,,,,,,,,,,,,,,,,,,,,,,,,,,12,11.55555556,11.52631579,11.05,10.35,9.2,8.047619048,7.619047619,7.19047619,6.80952381,6.136363636,6.045454545,5.636363636,5.5,5.363636364,5.045454545
Togo,TGO,Start-up procedures to register a business (number),IC.REG.PROC,,,,,,,,,,,,,,,,,,,,,,,,,,,,,,,,,,,,,,,,,,,,13,13,13,13,13,13,7,7,7,6,7,6,6,5,5,4
Thailand,THA,Start-up procedures to register a business (number),IC.REG.PROC,,,,,,,,,,,,,,,,,,,,,,,,,,,,,,,,,,,,,,,,,,,,10,10,10,10,10,10,9,9,8,7,7,7,7,6,5,5
Tajikistan,TJK,Start-up procedures to register a business (number),IC.REG.PROC,,,,,,,,,,,,,,,,,,,,,,,,,,,,,,,,,,,,,,,,,,,,,,14,14,13,13,12,8,5,5,5,4,4,5,4,4
Turkmenistan,TKM,Start-up procedures to register a business (number),IC.REG.PROC,,,,,,,,,,,,,,,,,,,,,,,,,,,,,,,,,,,,,,,,,,,,,,,,,,,,,,,,,,,
Latin America & the Caribbean (IDA & IBRD countries),TLA,Start-up procedures to register a business (number),IC.REG.PROC,,,,,,,,,,,,,,,,,,,,,,,,,,,,,,,,,,,,,,,,,,,,12.44444444,11.63157895,10.42857143,10.32142857,9.964285714,9.857142857,9.678571429,9.607142857,9.285714286,9.25,8.866666667,8.766666667,8.7,8.5,8.5,8.3
Timor-Leste,TLS,Start-up procedures to register a business (number),IC.REG.PROC,,,,,,,,,,,,,,,,,,,,,,,,,,,,,,,,,,,,,,,,,,,,,11,11,11,11,11,11,10,8,8,8,6,5,5,6,6
Middle East & North Africa (IDA & IBRD countries),TMN,Start-up procedures to register a business (number),IC.REG.PROC,,,,,,,,,,,,,,,,,,,,,,,,,,,,,,,,,,,,,,,,,,,,11.88888889,10.9,10.54545455,10.54545455,10.36363636,9.272727273,8.909090909,8.909090909,8.909090909,9,8.75,8.583333333,8.333333333,8.333333333,8.166666667,7.416666667
Tonga,TON,Start-up procedures to register a business (number),IC.REG.PROC,,,,,,,,,,,,,,,,,,,,,,,,,,,,,,,,,,,,,,,,,,,,4,4,4,4,4,4,4,4,4,4,4,4,4,4,4,4
South Asia (IDA & IBRD),TSA,Start-up procedures to register a business (number),IC.REG.PROC,,,,,,,,,,,,,,,,,,,,,,,,,,,,,,,,,,,,,,,,,,,,7.75,7,7,7,6.8,6.8,7,7,7,7,8.875,8.875,8.625,8.5,8.25,7.625
Sub-Saharan Africa (IDA & IBRD countries),TSS,Start-up procedures to register a business (number),IC.REG.PROC,,,,,,,,,,,,,,,,,,,,,,,,,,,,,,,,,,,,,,,,,,,,11.4375,11.27777778,11.45454545,11.24444444,10.95555556,10.37777778,9.866666667,9.644444444,9.088888889,8.934782609,8.744680851,8.553191489,8.520833333,8.166666667,7.75,7.541666667
Trinidad and Tobago,TTO,Start-up procedures to register a business (number),IC.REG.PROC,,,,,,,,,,,,,,,,,,,,,,,,,,,,,,,,,,,,,,,,,,,,,,9,9,9,9,9,8,8,8,7,7,7,7,7,7
Tunisia,TUN,Start-up procedures to register a business (number),IC.REG.PROC,,,,,,,,,,,,,,,,,,,,,,,,,,,,,,,,,,,,,,,,,,,,10,10,10,10,10,10,10,10,10,10,10,10,10,10,10,6
Turkey,TUR,Start-up procedures to register a business (number),IC.REG.PROC,,,,,,,,,,,,,,,,,,,,,,,,,,,,,,,,,,,,,,,,,,,,15,10,10,10,10,10,10,10,10,10,10,11,11,10,10,7
Tuvalu,TUV,Start-up procedures to register a business (number),IC.REG.PROC,,,,,,,,,,,,,,,,,,,,,,,,,,,,,,,,,,,,,,,,,,,,,,,,,,,,,,,,,,,
Tanzania,TZA,Start-up procedures to register a business (number),IC.REG.PROC,,,,,,,,,,,,,,,,,,,,,,,,,,,,,,,,,,,,,,,,,,,,13,13,13,13,12,12,12,12,12,11,11,11,11,11,11,10
Uganda,UGA,Start-up procedures to register a business (number),IC.REG.PROC,,,,,,,,,,,,,,,,,,,,,,,,,,,,,,,,,,,,,,,,,,,,17,17,17,17,17,17,17,16,14,14,14,14,14,13,13,13
Ukraine,UKR,Start-up procedures to register a business (number),IC.REG.PROC,,,,,,,,,,,,,,,,,,,,,,,,,,,,,,,,,,,,,,,,,,,,16,16,16,11,11,11,11,11,10,8,7,7,5,6,6,6
Upper middle income,UMC,Start-up procedures to register a business (number),IC.REG.PROC,,,,,,,,,,,,,,,,,,,,,,,,,,,,,,,,,,,,,,,,,,,,11.32432432,10.575,10.3125,10.28571429,9.816326531,9.265306122,8.7,8.6,8.4,8.31372549,8.018181818,7.963636364,7.818181818,7.581818182,7.509090909,7.218181818
Uruguay,URY,Start-up procedures to register a business (number),IC.REG.PROC,,,,,,,,,,,,,,,,,,,,,,,,,,,,,,,,,,,,,,,,,,,,11,11,11,10,11,11,11,11,5,5,5,5,5,5,5,5
United States,USA,Start-up procedures to register a business (number),IC.REG.PROC,,,,,,,,,,,,,,,,,,,,,,,,,,,,,,,,,,,,,,,,,,,,,,,,,,,,,,6,6,6,6,6,6
Uzbekistan,UZB,Start-up procedures to register a business (number),IC.REG.PROC,,,,,,,,,,,,,,,,,,,,,,,,,,,,,,,,,,,,,,,,,,,,10,10,10,10,9,9,9,9,8,8,6,6,4,4,3,3
St. Vincent and the Grenadines,VCT,Start-up procedures to register a business (number),IC.REG.PROC,,,,,,,,,,,,,,,,,,,,,,,,,,,,,,,,,,,,,,,,,,,,,,8,8,8,8,7,7,7,7,7,7,7,7,7,7
"Venezuela, RB",VEN,Start-up procedures to register a business (number),IC.REG.PROC,,,,,,,,,,,,,,,,,,,,,,,,,,,,,,,,,,,,,,,,,,,,16,16,16,17,18,18,18,19,19,19,19,20,20,20,20,20
British Virgin Islands,VGB,Start-up procedures to register a business (number),IC.REG.PROC,,,,,,,,,,,,,,,,,,,,,,,,,,,,,,,,,,,,,,,,,,,,,,,,,,,,,,,,,,,
Virgin Islands (U.S.),VIR,Start-up procedures to register a business (number),IC.REG.PROC,,,,,,,,,,,,,,,,,,,,,,,,,,,,,,,,,,,,,,,,,,,,,,,,,,,,,,,,,,,
Vietnam,VNM,Start-up procedures to register a business (number),IC.REG.PROC,,,,,,,,,,,,,,,,,,,,,,,,,,,,,,,,,,,,,,,,,,,,11,10,10,10,10,10,10,9,9,9,9,9,9,9,9,8
Vanuatu,VUT,Start-up procedures to register a business (number),IC.REG.PROC,,,,,,,,,,,,,,,,,,,,,,,,,,,,,,,,,,,,,,,,,,,,7,7,8,8,8,8,8,8,8,8,8,8,8,7,7,7
World,WLD,Start-up procedures to register a business (number),IC.REG.PROC,,,,,,,,,,,,,,,,,,,,,,,,,,,,,,,,,,,,,,,,,,,,10.21641791,9.868055556,9.858895706,9.760479042,9.417647059,8.912280702,8.5,8.337209302,7.965517241,7.93258427,7.777777778,7.634920635,7.442105263,7.231578947,7.031578947,6.757894737
Samoa,WSM,Start-up procedures to register a business (number),IC.REG.PROC,,,,,,,,,,,,,,,,,,,,,,,,,,,,,,,,,,,,,,,,,,,,9,8,8,8,8,8,4,4,4,4,4,4,4,4,4,4
Kosovo,XKX,Start-up procedures to register a business (number),IC.REG.PROC,,,,,,,,,,,,,,,,,,,,,,,,,,,,,,,,,,,,,,,,,,,,,,,,,,9,10,10,8,5,4,4,3,3,3
"Yemen, Rep.",YEM,Start-up procedures to register a business (number),IC.REG.PROC,,,,,,,,,,,,,,,,,,,,,,,,,,,,,,,,,,,,,,,,,,,,12,12,12,12,12,7,6,6,6,6,6,6,6,6,6,6
South Africa,ZAF,Start-up procedures to register a business (number),IC.REG.PROC,,,,,,,,,,,,,,,,,,,,,,,,,,,,,,,,,,,,,,,,,,,,9,9,9,9,8,6,6,6,6,6,6,7,7,7,7,7
Zambia,ZMB,Start-up procedures to register a business (number),IC.REG.PROC,,,,,,,,,,,,,,,,,,,,,,,,,,,,,,,,,,,,,,,,,,,,7,7,7,7,7,7,7,7,7,8,7,7,7,7,7,7
Zimbabwe,ZWE,Start-up procedures to register a business (number),IC.REG.PROC,,,,,,,,,,,,,,,,,,,,,,,,,,,,,,,,,,,,,,,,,,,,10,10,10,10,10,10,10,10,10,10,10,10,10,10,9,9
